NES-0001,37-46,TDVETTYADFIASGRTGRRNAIHDILVSSASGNSNELALKLAGLDINKTEGEEDAQRSSTEQSGEAQGEAAKSES....................................MaMaMaaMaM.............................,LALKLAGLD
NES-0002,339-352,MEEPQSDPSVEPPLSQETFSDLWKLLPENNVLSPLPSQAMDDLMLSPDDIEQWFTEDPGPDEAPRMPEAAPPVAPAPAAPTPAAPAPAPSWPLSSSVPSQKTYQGSYGFRLGFLHSGTAKSVTCTYSPALNKMFCQLAKTCPVQLWVDSTPPPGTRVRAMAIYKQSQHMTEVVRRCPHHERCSDSDGLAPPQHLIRVEGNLRVEYLDDRNTFRHSVVVPYEPPEVGSDCTTIHYNYMCNSSCMGGMNRRPILTIITLEDSSGNLLGRNSFEVRVCACPGRDRRTEEENLRKKGEPHHELPPGSTKRALPNNTSSSPQPKKKPLDGEYFTLQIRGRERFEMFRELNEALELKDAQAGKEPGGSRAHSSHLKSKKGQSTSRHKKLMFKTEGPDSD..................................................................................................................................................................................................................................................................................................................................................aaaaaaaaaMaMaa.........................................,EMFRELNEALELK
NES-0003,188-202,MCNTNMSVPTDGAVTTSQIPASEQETLVRPKPLLLKLLKSVGAQKDTYTMKEVLFYLGQYIMTKRLYDEKQQHIVYCSNDLLGDLFGVPSFSVKEHRKIYTMIYRNLVVVNQQESSDSGTSVSENRCHLEGGSDQKDLVQELQEEKPSSSHLVSRPSTSSRRRAISETEENSDELSGERQRKRHKSDSISLSFDESLALCVIREICCERSSSSESTGTPSNPDLDAGVSEHSGDWLDQDSVSDQFSVEFEVESLDSEDYSLSEEGQELSDEDDEVYQVTVYQAGESDTDSFEEDPEISLADYWKCTSCNEMNPPLPSHCNRCWALRENWLPEDKGKDKGEISEKAKLENSTQAEEGFDVPDCKKTIVNDSRESCVEENDDKITQASQSQESEDYSQPSTSSSIIYSSQEDVKEFEREETQDKEESVESSLPLNAIEPCVICQGRPKNGCIVHGKTGHLMACFTCAKKLKKRNKPCPVCRQPIQMIVLTYFP...........................................................................................................................................................................................aaaaaaaaaaaMaaM.................................................................................................................................................................................................................................................................................................,SISLSFDESLALCV
NES-0004,137-46,MSITNTPTSNDACLSIVHSLMCHRQGGESETFAKRAIESLVKKLKEKKDELDSLITAITTNGAHPSKCVTIQRTLDGRLQVAGRKGFPHVIYARLWRWPDLHKNELKHVKYCQYAFDLKCDSVCVNPYHYERVVSPGIDLSGLTLQSSAPSGLLVKDEYGHDYAEGQQSISAGDGLSIQTIQHPPSSRSSTETYSNPALLVPSEPSTPNPTSFSSIPVPSTSQPASLLAATHNDGLLSIAPVPPQGTQNGFSAQPATYHHNSTTTWTGSRTAAYTPNMSHHPNGHLQHHPPMPHPGHYWPVHNELAFQPPISNHPAPDYWCSIAYFEMDVQVGETFKVPSSCPIVTVDGYVDPSGGDRFCLGQLSNVHRTEAIERARLHIGKGVQLECKGEGDVWVRCLSDHAVFVQSYYLDREAGRAPGDAVHKIYPSAYIKVFDLRQCHRQMQQQAATAQAAAAAQAAAVAGNIPGPGSVGGIAPAISLSAAAGIGVDDLRRLCILRMSFVKGWGPDYPRQSIKETPCWIEIHLHRALQLLDEVLHTMPIADPQPLD........................................................................................................................................aaaaaaaaaa...................................................................................................................................................................................................................................................................................................................................................................................................................,GIDLSGLTL
NES-0005,755-71,MQEPGQIVETYTEEDPEGAMSVVSVETSDDGTTRRTETTVKKVVKTVTTRTVQPVAMGPDGLPVDASSVSNNYIQTLGRDFRKNGNGGPGPYVGQAGTATLPRNFHYPPDGYSRHYEDGYPGGSDNYGSLSRVTRIEERYRPSMEGYRAPSRQDVYGPQPQVRVGGSSVDLHRFHPEPYGLEDDQRSMGYDDLDYGMMSDYGTARRTGTPSDPRRRLRSYEDMIGEEVPSDQYYWAPLAQHERGSLASLDSLRKGGPPPPNWRQPELPEVIAMLGFRLDAVKSNAAAYLQHLCYRNDKVKTDVRKLKGIPVLVGLLDHPKKEVHLGACGALKNISFGRDQDNKIAIKNCDGVPALVRLLRKARDMDLTEVITGTLWNLSSHDSIKMEIVDHALHALTDEVIIPHSGWEREPNEDCKPRHIEWESVLTNTAGCLRNVSSERSEARRKLRECDGLVDALIFIVQAEIGQKDSDSKLVENCVCLLRNLSYQVHREIPQAERYQEAAPNVANNTGPHAASCFGAKKGKGKKPIEDPANDTVDFPKRTSPARGYELLFQPEVVRIYISLLKESKTPAILEASAGAIQNLCAGRWTYGRYIRSALRQEKALSAIADLLTNEHERVVKAASGALRNLAVDARNKELIGKHAIPNLVKNLPGGQQNSSWNFSEDTVISILNTINEVIAENLEAAKKLRETQGIEKLVLINKSGNRSEKEVRAAALVLQTIWGYKELRKPLEKEGWKKSDFQVNLNNASRSQSSHSYDDSTLPLIDRNQKSDKKPDREEIQMSNMGSNTKSLDNNYSTPNERGDHNRTLDRSGDLGDMEPLKGTTPLMQDEGQESLEEELDVLVLDDEGGQVSYPSMQKI..................................................................................................................................................................................................................................................................................................................................................................................................................................................................................................................................................................................................................................................................................................................................................................................................................................................................aaaaaaaaaMaMaaaaa..........,SHSYDDSTLPLIDRNQ
NES-0006,330-353,IRGSPGQTPPAPFPSPPPPAPAQPPPPFPQFHVKSGLQIRKNAITDDYKVTSQVLGLGINGKVLRIFDKRTQQKFALKMLQDCPKARREVELTWRASQCPHIVHIVDVYENLYAGRKCLLIVMECLDGGELFSRIQDRGDQAFTEREASEIMKSIGEAIQYLHSINIAHRDVKPENLLYTSKRPNAILKLTDFGFAKETTSHNSLTTPCYTPYYVAPEVLGPEKYDKSCDMWSLGVIMYILLCGYPPFYSNHGLAISPGMKTRIRMGQYEFPNPEWSEVSEEVKMLIRNLLKTEPTQRMTITEFMNHPWIMQSTKVPQTPLHTSRVLKEDKERWEDVKEEMTSALATMRVDYEQIKIKKIEDASNPLLLKRRKKARAVEDAALAH.........................................................................................................................................................................................................................................................................................................................................aaaaaaaaaaaaaaaMaaaaaaaa................................,DKERWEDVKEEMTSALATMRVDY
NES-0007,1078-96,MLEICLKLVGCKSKKGLSSSSSCYLEEALQRPVASDFEPQGLSEAARWNSKENLLAGPSENDPNLFVALYDFVASGDNTLSITKGEKLRVLGYNHNGEWCEAQTKNGQGWVPSNYITPVNSLEKHSWYHGPVSRNAAEYLLSSGINGSFLVRESESSPGQRSISLRYEGRVYHYRINTASDGKLYVSSESRFNTLAELVHHHSTVADGLITTLHYPAPKRNKPTIYGVSPNYDKWEMERTDITMKHKLGGGQYGEVYEGVWKKYSLTVAVKTLKEDTMEVEEFLKEAAVMKEIKHPNLVQLLGVCTREPPFYIITEFMTYGNLLDYLRECNRQEVSAVVLLYMATQISSAMEYLEKKNFIHRDLAARNCLVGENHLVKVADFGLSRLMTGDTYTAHAGAKFPIKWTAPESLAYNKFSIKSDVWAFGVLLWEIATYGMSPYPGIDLSQVYELLEKDYRMERPEGCPEKVYELMRACWQWNPSDRPSFAEIHQAFETMFQESSISDEVEKELGKRGTRGGAGSMLQAPELPTKTRTCRRAAEQKDAPDTPELLHTKGLGESDALDSEPAVSPLLPRKERGPPDGSLNEDERLLPRDRKTNLFSALIKKKKKMAPTPPKRSSSFREMDGQPDRRGASEDDSRELCNGPPALTSDAAEPTKSPKASNGAGVPNGAFREPGNSGFRSPHMWKKSSTLTGSRLAAAEEESGMSSSKRFLRSCSASCMPHGARDTEWRSVTLPRDLPSAGKQFDSSTFGGHKSEKPALPRKRTSESRSEQVAKSTAMPLPGWLKKNEEAAEEGFKDTESSPGSSPPSLTPKLLRRQVTASPSSGLSHKEEATKGSASGMGTPATAEPAPPSNKVGLSKASSEEMRVRRHKHSSESPGRDKGRLAKLKPAPPPPPACTGKAGKPAQSPSQEAGEAGGPTKTKCTSLAMDAVNTDPTKAGPPGEGLRKPVPPSVPKPQSTAKPPGTPTSPVSTPSTAPAPSPLAGDQQPSSAAFIPLISTRVSLRKTRQPPERIASGTITKGVVLDSTEALCLAISRNSEQMASHSAVLEAGKNLYTFCVSYVDSIQQMRNKFAFREAINKLESNLRELQICPATASSGPAATQDFSKLLSSVKEISDIVRR.....................................................................................................................................................................................................................................................................................................................................................................................................................................................................................................................................................................................................................................................................................................................................................................................................................................................................................................................................................................................................................................................................................................................aaaaaaaaaaaaMaaaaaa...........................,EAINKLESNLRELQICPA
NES-0008,141-52,MALRVTRNSKINAENKAKINMAGAKRVPTAPAATSKPGLRPRTALGDIGNKVSEQLQAKMPMKKEAKPSATGKVIDKKLPKPLEKVPMLVPVPVSEPVPEPEPEPEPEPVKEEKLSPEPILVDTASPSPMETSGCAPAEEDLCQAFSDVILAVNDVDAEDGADPNLCSEYVKDIYAYLRQLEEEQAVRPKYLLGREVTGNMRAILIDWLVQVQMKFRLLQETMYMTVSIIDRFMQNNCVPKKMLQLVGVTAMFIASKYEEMYPPEIGDFAFVTDNTYTKHQIRQMEMKILRALNFGLGRPLPLHFLRRASKIGEVDVEQHTLAKYLMELTMLDYDMVHFPPSQIAAGAFCLALKILDNGEWTPTLQHYLSYTEESLLPVMQHLAKNVVMVNQGLTKHMTVKNKYATSKHAKISTLPQLNSALVQDLAKAVAKV............................................................................................................................................aaaaaaaaMaMaM........................................................................................................................................................................................................................................................................................,DLCQAFSDVIL
NES-0009,170-81,MDSEVAALVIDNGSGMCKAGFAGDDAPRAVFPSIVGRPRHQGIMVGMGQKDSYVGDEAQSKRGILTLRYPIEHGIVTNWDDMEKIWHHTFYNELRVAPEEHPVLLTEAPMNPKSNREKMTQIMFETFNVPAFYVSIQAVLSLYSSGRTTGIVLDSGDGVTHVVPIYAGFSLPHAILRIDLAGRDLTDYLMKILSERGYSFSTTAEREIVRDIKEKLCYVALDFEQEMQTAAQSSSIEKSYELPDGQVITIGNERFRAPEALFHPSVLGLESAGIDQTTYNSIMKCDVDVRKELYGNIVMSGGTTMFPGIAERMQKEITALAPSSMKVKIIAPPERKYSVWIGGSILASLTTFQQMWISKQEYDESGPSIVHHKCF.........................................................................................................................................................................aaaaaaaaMaMa.............................aaaaaaaaMaMa.........................................................................................................................................................,SLPHAILRIDL
NES-0010,75-83,MAGRSGDSDEELIKTVRIIKHLYQSNPPPKPEGTRQARRNRRRRWRERQRRIHSISAWLLSTCLGRSAEPVPLQLPPLERLTLDCSEDCGTSGTQGVGSPQILVESPAVLESGTKE..........................................................................aaaMMaaaM.................................,LPPLERLT
NES-0011,81-94,MPKTRRRPRRSQRKRPPTPWPTSQGLDRVFFSDTQSTCLETVYKATGAPSLGDYVRPAYIVTPYWPPVQSIRSPGTPSMDALSAQLYSSLSLDSPPSPPREPLRPSRSLPRQSLIQPPTFHPPSSRPCANTPPSEMDTWNPPLGSTSQPCLFQTPDSGPKTCTPSGEAPLSACTSTSFPPPSPGPSCPT...............................................................................aaLaaaLaaaMaMaa...............................................................................................,ALSAQLYSSLSLD
NES-0012,32-44,PKKKPTPIQLNPNPEGTAVNGTPTAETNLEALQKKLEELELDEQQRKRLEAFLTQKQKVGELKDDDFEKVSELGAGNGGVVFKVSHKPTSLIMARKLIHLEIKPAIRNQIIRELQVLHECNSPYIVGFYGAFYSDGEISICMEHMDGGSLDQVLKKAGKIPEKILGKVSIAVIKGLTYLREKHKIMHRDVKPSNILVNSRGEIKLCDFGVSGQLIDSMANSFVGTRSYMSPERLQGTHYSVQSDIWSMGLSLVEMAIGRYPIPPPDAKELELIFGCSVERDPASSELAPRPRPPGRPISSYGPDSRPPMAIFELLDYIVNEPPPKLPSGVFGAEFQDFVNKCLVKNPAERADLKQLMVHSFIKQSELEEVDFAGWLCSTMGLKQPSTPTHAAGV...............................MaaaMaaMaMaaa..............................................................................................................................................................................................................................................................................................................................................................,LQKKLEELELDE
NES-0013,766-896,MAAAAQLSLTQLSSGNPVYEKYYRQVDTGNTGRVLASDAAAFLKKSGLPDLILGKIWDLADTDGKGILNKQEFFVALRLVACAQNGLEVSLSSLNLAVPPPRFHDTSSPLLISGTSAAELPWAVKPEDKAKYDAIFDSLSPVNGFLSGDKVKPVLLNSKLPVDILGRVWELSDIDHDGMLDRDEFAVAMFLVYCALEKEPVPMSLPPALVPPSKRKTWVVSPAEKAKYDEIFLKTDKDMDGFVSGLEVREIFLKTGLPSTLLAHIWSLCDTKDCGKLSKDQFALAFHLISQKLIKGIDPPHVLTPEMIPPSDRASLQKNIIGSSPVADFSAIKELDTLNNEIVDLQREKNNVEQDLKEKEDTIKQRTSEVQDLQDEVQRENTNLQKLQAQKQQVQELLDELDEQKAQLEEQLKEVRKKCAEEAQLISSLKAELTSQESQISTYEEELAKAREELSRLQQETAELEESVESGKAQLEPLQQHLQDSQQEISSMQMKLMEMKDLENHNSQLNWCSSPHSILVNGATDYCSLSTSSSETANLNEHVEGQSNLESEPIHQESPARSSPELLPSGVTDENEVTTAVTEKVCSELDNNRHSKEEDPFNVDSSSLTGPVADTNLDFFQSDPFVGSDPFKDDPFGKIDPFGGDPFKGSDPFASDCFFRQSTDPFATSSTDPFSAANNSSITSVETLKHNDPFAPGGTVVAASDSATDPFASVFGNESFGGGFADFSTLSKVNNEDPFRSATSSSVSNVVITKNVFEETSVKSEDEPPALPPKIGTPTRPCPLPPGKRSINKLDSPDPFKLNDPFQPFPGNDSPKEKDPEMFCDPFTSATTTTNKEADPSNFANFSAYPSEEDMIEWAKRESEREEEQRLARLNQQEQEDLELAIALSKSEISEA.............................................................................................................................................................................................................................................................................................................................................................................................................................................................................................................................................................................................................................................................................................................................................................................................aaaaaaaaaaaaaaaaaaaaaaaaaaaaaaaaaaaaaaaaaaaaaaaaaaaaaaaaaaaaaaaaaaaaaaaaaaaaaaaaaaaaaaaaaaaaaaaaaaaaaaaaaaaaaaaaaaaaMaMaMaMaaaaMaaa,DEPPALPPKIGTPTRPCPLPPGKRSINKLDSPDPFKLNDPFQPFPGNDSPKEKDPEMFCDPFTSATTTTNKEADPSNFANFSAYPSEEDMIEWAKRESEREEEQRLARLNQQEQEDLELAIALSKSEISE
NES-0014,81-99,MDLSALRVEEVQNVINAMQKILECPICLELIKEPVSTKCDHIFCKFCMLKLLNQKKGPSQCPLCKNDITKRSLQESTRFSQLVEELLKIICAFQLDTGLEYANSYNFAKKENNSPEHLKDEVSIIQSMGYRNRAKRLLQSEPENPSLQETSLSVQLSNLGTVRTLRTKQRIQPQKTSVYIELGSDSSEDTVNKATYCSVGDQELLQITPQGTRDEISLDSAKKAACEFSETDVTNTEHHQPSNNDLNTTEKRAAERHPEKYQGSSVSNLHVEPCGTNTHASSLQHENSSLLLTKDRMNVEKAEFCNKSKQPGLARSQHNRWAGSKETCNDRRTPSTEKKVDLNADPLCERKEWNKQKLPCSENPRDTEDVPWITLNSSIQKVNEWFSRSDELLGSDDSHDGESESNAKVADVLDVLNEVDEYSGSSEKIDLLASDPHEALICKSERVHSKSVESNIEDKIFGKTYRKKASLPNLSHVTENLIIGAFVTEPQIIQERPLTNKLKRKRRPTSGLHPEDFIKKADLAVQKTPEMINQGTNQTEQNGQVMNITNSGHENKTKGDSIQNEKNPNPIESLEKESAFKTKAEPISSSISNMELELNIHNSKAPKKNRLRRKSSTRHIHALELVVSRNLSPPNCTELQIDSCSSSEEIKKKKYNQMPVRHSRNLQLMEGKEPATGAKKSNKPNEQTSKRHDSDTFPELKLTNAPGSFTKCSNTSELKEFVNPSLPREEKEEKLETVKVSNNAEDPKDLMLSGERVLQTERSVESSSISLVPGTDYGTQESISLLEVSTLGKAKTEPNKCVSQCAAFENPKGLIHGCSKDNRNDTEGFKYPLGHEVNHSRETSIEMEESELDAQYLQNTFKVSKRQSFAPFSNPGNAEEECATFSAHSGSLKKQSPKVTFECEQKEENQGKNESNIKPVQTVNITAGFPVVGQKDKPVDNAKCSIKGGSRFCLSSQFRGNETGLITPNKHGLLQNPYRIPPLFPIKSFVKTKCKKNLLEENFEEHSMSPEREMGNENIPSTVSTISRNNIRENVFKEASSSNINEVGSSTNEVGSSINEIGSSDENIQAELGRNRGPKLNAMLRLGVLQPEVYKQSLPGSNCKHPEIKKQEYEEVVQTVNTDFSPYLISDNLEQPMGSSHASQVCSETPDDLLDDGEIKEDTSFAENDIKESSAVFSKSVQKGELSRSPSPFTHTHLAQGYRRGAKKLESSEENLSSEDEELPCFQHLLFGKVNNIPSQSTRHSTVATECLSKNTEENLLSLKNSLNDCSNQVILAKASQEHHLSEETKCSASLFSSQCSELEDLTANTNTQDPFLIGSSKQMRHQSESQGVGLSDKELVSDDEERGTGLEENNQEEQSMDSNLGEAASGCESETSVSEDCSGLSSQSDILTTQQRDTMQHNLIKLQQEMAELEAVLEQHGSQPSNSYPSIISDSSALEDLRNPEQSTSEKAVLTSQKSSEYPISQNPEGLSADKFEVSADSSTSKNKEPGVERSSPSKCPSLDDRWYMHSCSGSLQNRNYPSQEELIKVVDVEEQQLEESGPHDLTETSYLPRQDLEGTPYLESGISLFSDDPESDPSEDRAPESARVGNIPSSTSALKVPQLKVAESAQSPAAAHTTDTAGYNAMEESVSREKPELTASTERVNKRMSMVVSGLTPEEFMLVYKFARKHHITLTNLITEETTHVVMKTDAEFVCERTLKYFLGIAGGKWVVSYFWVTQSIKERKMLNEHDFEVRGDVVNGRNHQGPKRARESQDRKIFRGLEICCYGPFTNMPTDQLEWMVQLCGASVVKELSSFTLGTGVHPIVVVQPDAWTEDNGFHAIGQMCEAPVVTREWVLDSVALYQCQELDTYLIPQIPHSHY................................................................................aaaaaMaaaMaaaaaaaaa....................................................................................................................................................................................................................................................................................................................................................................................................................................................................................................................................................................................................................................................................................................................................................................................................................................................................................................................................................................................................................................................................................................................................................................................................................................................................................................................................................................................................................................................................................................................................................................................................................................................................................................................................................................................................................................,QLVEELLKIICAFQLDTG
NES-0015,436-45,MDELFPLIFPAEPAQASGPYVEIIEQPKQRGMRFRYKCEGRSAGSIPGERSTDTTKTHPTIKINGYTGPGTVRISLVTKDPPHRPHPHELVGKDCRDGFYEAELCPDRCIHSFQNLGIQCVKKRDLEQAISQRIQTNNNPFQVPIEEQRGDYDLNAVRLCFQVTVRDPSGRPLRLPPVLPHPIFDNRAPNTAELKICRVNRNSGSCLGGDEIFLLCDKVQKEDIEVYFTGPGWEARGSFSQADVHRQVAIVFRTPPYADPSLQAPVRVSMQLRRPSDRELSEPMEFQYLPDTDDRHRIEEKRKRTYETFKSIMKKSPFSGPTDPRPPPRRIAVPSRSSASVPKPAPQPYPFTSSLSTINYDEFPTMVFPSGQISQASALAPAPPQVLPQAPAPAPAPAMVSALAQAPAPVPVLAPGPPQAVAPPAPKPTQAGEGTLSEALLQLQFDDEDLGALLGNSTDPAVFTDLASVDNSEFQQLLNQGIPVAPHTTEPMLMEYPEAITRLVTGAQRPPDPAPAPLGAPGLPNGLLSGDEDFSSIADMDFSALLSQISS...................................................................................................................................................................................................................................................................................................................................................................................................................................................aaaaMMMMaa..........................................................................................................,LSEALLQLQ
NES-0017,515-533,MSGQTETLSSTSNIPIAKAEPEQSADFSASHKKRGPVSDRSSRRTSSEEVDLMPNVDDEVDGDVKPKKIGRKNSDQEPSSKRKAQNRAAQRAFRKRKEDHLKALETQVVTLKELHSSTTLENDQLRQKVRQLEEELRILKDGSFTFEMSLPHRNPSLSSLPTTGFSSNFAHMKDGISPQSNLHLSPNSIEKPNMHQNVLHNDRSADNLNHRYQVPPTLVDSNSAQGTLSPETPSSSDSPSNLYLNYPKRKSITHLHHDCSALSNGENGEDVADGKQFCQKLSTACGSIACSMLTKTTPHRASVDILSNLHESTVSPPMADESVQRSSEVSKSIPNVELSLNVNQQFVSPFGGTDSFPLPTDTGLDSLFEPDSAIENSHLKNVVMEPELFQAWREPAESLDKEFFNDEGEIDDVFHNYFHNSNENGDLITNSLHGLDFLENANESFPEQMYPFIKHNKDYISNHPDEVPPDGLPQKGKHDTSSQMPSENEIVPAKERAYLSCPKVWSKIINHPRFESFDIDDLCSKLKNKAKCSSSGVLLDERDVEAALNQFN..................................................................................................................................................................................................................................................................................................................................................................................................................................................................................................................................aaMaMaaMMaaMaaaaaMa...................,ESFDIDDLCSKLKNKAKC
NES-0018,197-205,MSQWYELQQLDSKFLEQVHQLYDDSFPMEIRQYLAQWLEKQDWEHAANDVSFATIRFHDLLSQLDDQYSRFSLENNFLLQHNIRKSKRNLQDNFQEDPIQMSMIIYSCLKEERKILENAQRFNQAQSGNIQSTVMLDKQKELDSKVRNVKDKVMCIEHEIKSLEDLQDEYDFKCKTLQNREHETNGVAKSDQKQEQLLLKKMYLMLDNKRKEVVHKIIELLNVTELTQNALINDELVEWKRRQQSACIGGPPNACLDQLQNWFTIVAESLQQVRQQLKKLEELEQKYTYEHDPITKNKQVLWDRTFSLFQQLIQSSFVVERQPCMPTHPQRPLVLKTGVQFTVKLRLLVKLQELNYNLKVKVLFDKDVNERNTVKGFRKFNILGTHTKVMNMEESTNGSLAAEFRHLQLKEQKNAGTRTNEGPLIVTEELHSLSFETQLCQPGLVIDLETTSLPVVVISNVSQLPSGWASILWYNMLVAEPRNLSFFLTPPCARWAQLSEVLSWQFSSVTKRGLNVDQLNMLGEKLLGPNASPDGLIPWTRFCKENINDKNFPFWLWIESILELIKKHLLPLWNDGCIMGFISKERERALLKDQQPGTFLLRFSESSREGAITFTWVERSQNGGEPDFHAVEPYTKKELSAVTFPDIIRNYKVMAAENIPENPLKYLYPNIDKDHAFGKYYSRPKEAPEPMELDGPKGTGYIKTELISVSEVHPSRLQTTDNLLPMSPEEFDEVSRIVGSVEFDSMMNTV....................................................................................................................................................................................................aaMaaaaaa.................................................................................................................................................................................................................................................................................................................................................................................................................................................................................................................................................................,LLLKKMYL
NES-0019,336-44,MGEHSPDNNIIYFEAEEDELTPDDKMLRFVDKNGLVPSSSGTVYDRTTVLIEQDPGTLEDEDDDGQCGEHLPFLVGGEEGFHLIDHEAMSQGYVQHIISPDQIHLTINPGSTPMPRNIEGATLTLQSECPETKRKEVKRYQCTFEGCPRTYSTAGNLRTHQKTHRGEYTFVCNQEGCGKAFLTSHSLRIHVRVHTKEKPFECDVQGCEKAFNTLYRLKAHQRLHTGKTFNCESEGCSKYFTTLSDLRKHIRTHTGEKPFRCDHDGCGKAFAASHHLKTHVRTHTGERPFFCPSNGCEKTFSTQYSLKSHMKGHDNKGHSYNALPQHNGSEDTNHSLCLSDLSLLSTDSELRENSSTTQGQDLSTISPAIIFESMFQNSDDTAIQEDPQQTASLTESFNGDAESVSDVPPSTGNSASLSLPLVLQPGLSEPPQPLLPASAPSAPPPAPSLGPGSQQAAFGNPPALLQPPEVPVPHSTQFAANHQEFLPHPQAPQPIVPGLSVVAGASASAAAVASAVAAPAPPQSTTEPLPAMVQTLPLGANSVLTNNPTITITPTPNTAILQSSLVMGEQNLQWILNGATSSPQNQEQIQQASKVEKVFFTTAVPVASSPGSSVQQIGLSVPVIIIKQEEACQCQCACRDSAKERASSRRKGCSSPPPPEPSPQAPDGPSLQLPAQTFSSAPVPGSSSSTLPSSCEQSRQAETPSDPQTETLSAMDVSEFLSLQSLDTPSNLIPIEALLQGEEEMGLTSSFSK...............................................................................................................................................................................................................................................................................................................................................aaMaaMaMM.........................................................................................................................................................................................................................................................................................................................................................................................................................,LCLSDLSL
NES-0020,546-99,AEGVFQGAIGIDLGTTYSCVATYESSVEIIANEQGNRVTPSFVAFTPEERLIGDAAKNQAALNPRNTVFDAKRLIGRRFDDESVQKDMKTWPFKVIDVDGNPVIEVQYLEETKTFSPQEISAMVLTKMKEIAEAKIGKKVEKAVITVPAYFNDAQRQATKDAGAISGLNVLRIINEPTAAAIAYGLGAGKSEKERHVLIFDLGGGTFDVSLLHIAGGVYTVKSTSGNTHLGGQDFDTNLLEHFKAEFKKKTGLDISDDARALRRLRTAAERAKRTLSSVTQTTVEVDSLFDGEDFESSLTRARFEDLNAALFKSTLEPVEQVLKDAKISKSQIDEVVLVGGSTRIPKVQKLLSDFFDGKQLEKSINPDEAVAYGAAVQGAILTGQSTSDETKDLLLLDVAPLSLGVGMQGDMFGIVVPRNTTVPTIKRRTFTTCADNQTTVQFPVYQGERVNCKENTLLGEFDLKNIPMMPAGEPVLEAIFEVDANGILKVTAVEKSTGKSSNITISNAVGRLSSEEIEKMVNQAEEFKAADEAFAKKHEARQRLESYVASIEQTVTDPVLSSKLKRGSKSKIEAALSDALAALQIEDPSADELRKAEVGLKRVVTKAMSSR.............................................................................................................................................................................................................................................................................................................................................................................................................................................................................................................................................................................................aaaaaaaaaaaaaa.........................,ESYVASIEQTVTDPVLSSKLKRGSKSKIEAALSDALAALQIEDPSADELRKAE
NES-0021,350-58,MRFVFDEVFNSDTDSPEFEETCSTTSSTSSQCPTPEPSPAIKLPSFTKVGTKKLVNESVVILDPALENALRDLNLQSKLIPINEPIVAASSIIVPHSTNMPLPRASHSSLLDNAKNSNATAPLLEAIEESFQRKMQNLVLANQKEIQSIRENKRRVEEQRKRKEEEERKRKEAEEKAKREQELLRQKKDEEERKRKEAEAKLAQQKQEEERKKIEEQNEKERQLKKEHEAKLLQQKDKLGKAVTNFDKISKMFWHYKDKIAQIKQDIVLPIKKADVNVRNLLSRHKRKINPKFGQLTNSNQQLFKIQNELTQLINDTKGDSLAYHWILNFIAKAVVHQAETEVRVKPESALPLGKLTLYLLVQFPELQELFMARLVKKCPFVIGFTCEIDTEKGRQNMGWKRNNENKWEDNTSYDERMGGILSLFAIITRLQLPQEFITTTSHPFPIALSWHILARICNTPLNLITNTHFVILGSWWDAAAVQFLQAYGNQASKLLILIGEELTSRMAEKKYVGAARLRILLEAWQNNNMESFPEMSP.............................................................................................................................................................................................................................................................................................................................................................aMaMaaMaM....................................................................................................................................................................................,ALPLGKLT
NES-0022,76-125,MSLRVTRNMLANAENNVKTTLAGKRVVATKPGLRPRTALGDIGNKAEVKVPTKKELKPAVKAAKKAKPVDKLLEPLKVIEENVCPKPAQVEPSSPSPMETSGCLPDELCQAFSDVLIHVKDVDADDDGNPMLCSEYVKDIYAYLRSLEDAQAVRQNYLHGQEVTGNMRAILIDWLVQVQMKFRLLQETMFMTVGIIDRFLQEHPVPKNQLQLVGVTAMFLAAKYEEMYPPEIGDFTFVTDHTYTKAQIRDMEMKILRVLKFAIGRPLPLHFLRRASKIGEVTAEQHSLAKYLMELVMVDYDMVHFTPSQIAAASSCLSLKILNAGDWTPTLHHYMAYSEEDLVPVMQHMAKNIIKVNKGLTKHLTVKNKYASSKQMKISTIPQLRSDVVVEMARPLM...........................................................................aaaaaaaaaaaaaaaaaaaaaaaaaaaaaaaaaaaaMaaaaaaaaaaaaa................................................................................................................................................................................................................................................................................,LKVIEENVCPKPAQVEPSSPSPMETSGCLPDELCQAFSDVLIHVKDVDA
NES-0023,1-484,MSGPLEGADGGGDPRPGEPFCPGGVPSPGAPQHRPCPGPSLADDTDANSNGSSGNESNGPESRGASQRSSHSSSSGNGKDSALLETTESSKSTNSQSPSPPSSSIAYSLLSASSEQDNPSTSGCSSEQSARARTQKELMTALRELKLRLPPERRGKGRSGTLATLQYALACVKQVQANQEYYQQWSLEEGEPCAMDMSTYTLEELEHITSEYTLRNQDTFSVAVSFLTGRIVYISEQAGVLLRCKRDVFRGARFSELLAPQDVGVFYGSTTPSRLPTWGTGTSAGSGLKDFTQEKSVFCRIRGGPDRDPGPRYQPFRLTPYVTKIRVSDGAPAQPCCLLIAERIHSGYEAPRIPPDKRIFTTRHTPSCLFQDVDERAAPLLGYLPQDLLGAPVLLFLHPEDRPLMLAIHKKILQLAGQPFDHSPIRFCARNGEYVTMDTSWAGFVHPWSRKVAFVLGRHKVRTAPLNEDVFTPPAPSPAPSLDSDIQELSEQIHRLLLQPVHSSSPTGLCGVGPLMSPGPLHSPGSSSDSNGGDAEGPGPPAPVTFQQICKDVHLVKHQGQQLFIESRAKPPPRPRLLATGTFKAKVLPCQSPNPELEVAPVPDQASLALAPEEPERKETSGCSYQQINCLDSILRYLESCNIPSTTKRKCASSSSYTASSASDDDKQRAGPVPVGAKKDPSSAMLSGEGATPRKEPVVGGTLSPLALANKAESVVSVTSQCSFSSTIVHVGDKKPPESDIIMMEDLPGLAPGPAPSPAPSPTVAPDPTPDAYRPVGLTKAVLSLHTQKEEQAFLNRFRDLGRLRGLDTSSVAPSAPGCHHGPIPPGRRHHCRSKAKRSRHHHHQTPRPETPCYVSHPSPVPSSGPWPPPPATTPFPAMVQPYPLPVFSPRGGPQPLPPAPTSVSPATFPSPLVTPMVALVLPNYLFPTPPSYPYGVSQAPVEGPPTPASHSPSPSLPPPPLSPPHRPDSPLFNSRCSSPLQLNLLQLEESPRTEGGAAAGGPGSSAGPLPPSEETAEPEARLVEVTESSNQDALSGSSDLLELLLQEDSRSGTGSAASGSLGSGLGSGSGSGSHEGGSTSASITRSSQSSHTSKYFGSIDSSEAEAGAARARTEPGDQVIKCVLQDPIWLLMANADQRVMMTYQVPSRDAASVLKQDRERLRAMQKQQPRFSEDQRRELGAVHSWVRKGQLPRALDVMACVDCGSSVQDPGHSDDPLFSELDGLGLEPMEEGGGEGGGCGVGGGGGDGGEEAQTQIGAKGSSSQDSAMEEEEQGGGSSSPALPAEENSTS....................................................................................................................................................................................................................................................................................................................................................................................................................................................................................................aaaaaaaaMaaMaM.........................................................................................................................................................................................................................................................................................................................................................................................................................................................................................................................................................................................................................................................................................................................................................................................................................,MSGPLEGADGGGDPRPGEPFCPGGVPSPGAPQHRPCPGPSLADDTDANSNGSSGNESNGPESRGASQRSSHSSSSGNGKDSALLETTESSKSTNSQSPSPPSSSIAYSLLSASSEQDNPSTSGCSSEQSARARTQKELMTALRELKLRLPPERRGKGRSGTLATLQYALACVKQVQANQEYYQQWSLEEGEPCAMDMSTYTLEELEHITSEYTLRNQDTFSVAVSFLTGRIVYISEQAGVLLRCKRDVFRGARFSELLAPQDVGVFYGSTTPSRLPTWGTGTSAGSGLKDFTQEKSVFCRIRGGPDRDPGPRYQPFRLTPYVTKIRVSDGAPAQPCCLLIAERIHSGYEAPRIPPDKRIFTTRHTPSCLFQDVDERAAPLLGYLPQDLLGAPVLLFLHPEDRPLMLAIHKKILQLAGQPFDHSPIRFCARNGEYVTMDTSWAGFVHPWSRKVAFVLGRHKVRTAPLNEDVFTPPAPSPAPSLD
NES-0024,164-77,MDSGRDFLTLHGLQDDPDLQALLKGSQLLKVKSSSWRRERFYKLQEDCKTIWQESRKVMRSPESQLFSIEDIQEVRMGHRTEGLEKFARDIPEDRCFSIVFKDQRNTLDLIAPSPADAQHWVQGLRKIIHHSGSMDQRQKLQHWIHSCLRKADKNKDNKMNFKELKDFLKELNIQVDDGYARKIFRECDHSQTDSLEDEEIETFYKMLTQRAEIDRAFEEAAGSAETLSVERLVTFLQHQQREEEAGPALALSLIERYEPSETAKAQRQMTKDGFLMYLLSADGNAFSLAHRRVYQDMDQPLSHYLVSSSHNTYLLEDQLTGPSSTEAYIRALCKGCRCLELDCWDGPNQEPIIYHGYTFTSKILFCDVLRAIRDYAFKASPYPVILSLENHCSLEQQRVMARHLRAILGPILLDQPLDGVTTSLPSPEQLKGKILLKGKKLGGLLPAGGENGSEATDVSDEVEAAEMEDEAVRSQVQHKPKEDKLKLVPELSDMIIYCKSVHFGGFSSPGTSGQAFYEMASFSESRALRLLQESGNGFVRHNVSCLSRIYPAGWRTDSSNYSPVEMWNGGCQIVALNFQTPGPEMDVYLGCFQDNGGCGYVLKPAFLRDPNTTFNSRALTQGPWWRPERLRVRIISGQQLPKVNKNKNSIVDPKVIVEIHGVGRDTGSRQTAVITNNGFNPRWDMEFEFEVTVPDLALVRFMVEDYDSSSKNDFIGQSTIPWNSLKQGYRHVHLLSKNGDQHPSATLFVKISIQD...................................................................................................................................................................aMaaaMaaMaMaaa...................................................................................................................................................................................................................................................................................................................................................................................................................................................................................................................................................................................................,ELKDFLKELNIQV
NES-0025,83-93,MERRNPSERGVPAGFSGHASVESGCETQESPATVVFRPPGDNTDGGAAAAAGGSQAAAAGAEPMEPESRPGPSGMNVVQVAELYPELRRILTITEDGQGLKGVKRERGACEATEEARNLAFSLMTRHRPECITFQQIKDNCANELDLLAQKYSIEQLTTYWLQPGDDFEEAIRVYAKVALRPDCKYKISKLVNIRNCCYISGNGAEVEIDTEDRVAFRCSMINMWPGVLGMDGVVIMNVRFTGPNFSGTVFLANTNLILHGVSFYGFNNTCVEAWTDVRVRGCAFYCCWKGVVCRPKSRASIKKCLFERCTLGILSEGNSRVRHNVASDCGCFMLVKSVAVIKHNMVCGNCEDRASQMLTCSDGNCHLLKTIHVASHSRKAWPVFEHNILTRCSLHLGNRRGVFLPYQCNLSHTKILLEPESMSKVNLNGVFDMTMKIWKVLRYDETRTRCRPCECGGKHIRNQPVMLDVTEELRPDHLVLACTRAEFGSSDEDTD..................................................................................MaaaMaaaMaa...................................................................................................................................................................................................................................................................................................................................................................................................................,LYPELRRILT
NES-0026,233-242,MAASGSGMAQKTWELANNMQEAQSIDEIYKYDKKQQQEILAAKPWTKDHHYFKYCKISALALLKMVMHARSGGNLEVMGLMLGKVDGETMIIMDSFALPVEGTETRVNAQAAAYEYMAAYIENAKQVGRLENAIGWYHSHPGYGCWLSGIDVSTQMLNQQFQEPFVAVVIDPTRTISAGKVNLGAFRTYPKGYKPPDEGPSEYQTIPLNKIEDFGVHCKQYYALEVSYFKSSLDRKLLELLWNKYWVNTLSSSSLLTNADYTTGQVFDLSEKLEQSEAQLGRGSFMLGLETHDRKSEDKLAKATRDSCKTTIEAIHGLMSQVIKDKLFNQINVA........................................................................................................................................................................................................................................aaaaMaaMMa............................................................................................,LDRKLLELL
NES-0027,1-101,MDLSAIYESLMSMSHDLSPDHGGTESSGGLWNINSSDSIPSGVTSRLTGRSTSLVEGRSCSWVPPPPGFAPLAPRPGPELSPSPTSPTATPTTSSRYKTELCRTYSESGRCRYGAKCQFAHGPGELRQANRHPKYKTELCHKFYLQGRCPYGSRCHFIHNPTEDLALPGQPHVLRQSISFSGLPSGRRTSPPPPGFSGPSLSSCSFSPSSSPPPPGDLPLSPSAFSAAPGTPVSRRDPTPACCPSCRRSTTPSTIWGPLGGLARSPSAHSLGSDPDDYASSGSSLGGSDSPVFEAGVFGPPQPPAPPRRLPIFNRISVSEaaMaaMaaaMaaaaaaaaaaaaaaaaaaaaaaaaaaaaaaaaaaaaaaaaaaaaaaaaaaaaaaaaaaaaaaaaaaaaaaaaaaaaaaaaaaaaaaaaaaa...........................................................................................................................................................................................................................,MDLSAIYESLMSMSHDLSPDHGGTESSGGLWNINSSDSIPSGVTSRLTGRSTSLVEGRSCSWVPPPPGFAPLAPRPGPELSPSPTSPTATPTTSSRYKTE
NES-0028,22-72,MFQAAERPQEWAMEGPRDGLKKERLLDDRHDSGLDSMKDEEYEQMVKELQEIRLEPQEVPRGSEPWKQQLTEDGDSFLHLAIIHEEKALTMEVIRQVKGDLAFLNFQNNLQQTPLHLAVITNQPEIAEALLGAGCDPELRDFRGNTPLHLACEQGCLASVGVLTQSCTTPHLHSILKATNYNGHTCLHLASIHGYLGIVELLVSLGADVNAQEPCNGRTALHLAVDLQNPDLVSLLLKCGADVNRVTYQGYSPYQLTWGRPSTRIQQQLGQLTLENLQMLPESEDEESYDTESEFTEFTEDELPYDDCVFGGQRLTL.....................aaaaaaaaaaaaaaaaaaaaaaaaaaaaaaMaMaaaaaaaaaaaaaaaaaa.....................................................................................................................................................................................................................................................,KERLLDDRHDSGLDSMKDEEYEQMVKELQEIRLEPQEVPRGSEPWKQQLT
NES-0029,178-95,MAAAKDTHEDHDTSTENTDESNHDPQFEPIVSLPEQEIKTLEEDEEELFKMRAKLFRFASENDLPEWKERGTGDVKLLKHKEKGAIRLLMRRDKTLKICANHYITPMMELKPNAGSDRAWVWNTHADFADECPKPELLAIRFLNAENAQKFKTKFEECRKEIEEREKKAGSGKNDHAEKVAEKLEALSVKEETKEDAEEKQ.................................................................................................................................................................................aaaaaaMaaMaMaaaaaa......,EKVAEKLEALSVKEETK
NES-0030,136-150,MGTPKPRILPWLVSQLDLGQLEGVAWVNKSRTRFRIPWKHGLRQDAQQEDFGIFQAWAEATGAYVPGRDKPDLPTWKRNFRSALNRKEGLRLAEDRSKDPHDPHKIYEFVNSGVGDFSQPDTSPDTNGGGSTSDTQEDILDELLGNMVLAPLPDPGPPSLAVAPEPCPQPLRSPSLDNPTPFPNLGPSENPLKRLLVPGEEWEFEVTAFYRGRQVFQQTISCPEGLRLVGSEVGDRTLPGWPVTLPDPGMSLTDRGVMSYVRHVLSCLGGGLALWRAGQWLWAQRLGHCHTYWAVSEELLPNSGHGPDGEVPKDKEGGVFDLGPFIVDLITFTEGSGRSPRYALWFCVGESWPQDQPWTKRLVMVKVVPTCLRALVEMARVGGASSLENTVDLHISNSHPLSLTSDQYKAYLQDLVEGMDFQGPGES.......................................................................................................................................aaaMMaaMMaaaaaa.....................................................................................................................................................................................................................................................................................,QEDILDELLGNMVL
NES-0031,364-82,MAQSTATSPDGGTTFEHLWSSLEPDSTYFDLPQSSRGNNEVVGGTDSSMDVFHLEGMTTSVMAQFNLLSSTMDQMSSRAASASPYTPEHAASVPTHSPYAQPSSTFDTMSPAPVIPSNTDYPGPHHFEVTFQQSSTAKSATWTYSPLLKKLYCQIAKTCPIQIKVSTPPPPGTAIRAMPVYKKAEHVTDVVKRCPNHELGRDFNEGQSAPASHLIRVEGNNLSQYVDDPVTGRQSVVVPYEPPQVGTEFTTILYNFMCNSSCVGGMNRRPILIIITLEMRDGQVLGRRSFEGRICACPGRDRKADEDHYREQQALNESSAKNGAASKRAFKQSPPAVPALGAGVKKRRHGDEDTYYLQVRGRENFEILMKLKESLELMELVPQPLVDSYRQQQQLLQRPSHLQPPSYGPVLSPMNKVHGGMNKLPSVNQLVGQPPPHSSAATPNLGPVGPGMLNNHGHAVPANGEMSSSHSAQSMVSGSHCTPPPPYHADPSLVSFLTGLGCPNCIEYFTSQGLQSIYHLQNLTIEDLGALKIPEQYRMTIWRGLQDLKQGHDYSTAQQLLRSSNAATISIGGSGELQRQRVMEAVHFRVRHTITIPNRGGPGGGPDEWADFGFDLPDCKARKQPIKEEFTEAEIH...........................................................................................................................................................................................................................................................................................................................................................................aaaaaaaaaaaMaMaaaaa..............................................................................................................................................................................................................................................................,NFEILMKLKESLELMELV
NES-0032,406-14,MNVTSLFSFTSPAVKRLLGWKQGDEEEKWAEKAVDALVKKLKKKKGAMEELEKALSCPGQPSNCVTIPRSLDGRLQVSHRKGLPHVIYCRVWRWPDLQSHHELKPLECCEFPFGSKQKEVCINPYHYKRVESPVLPPVLVPRHSEYNPQHSLLAQFRNLGQNEPHMPLNATFPDSFQQPNSHPFPHSPNSSYPNSPGSSSSTYPHSPTSSDPGSPFQMPADTPPPAYLPPEDPMTQDGSQPMDTNMMAPPLPSEINRGDVQAVAYEEPKHWCSIVYYELNNRVGEAFHASSTSVLVDGFTDPSNNKNRFCLGLLSNVNRNSTIENTRRHIGKGVHLYYVGGEVYAECLSDSSIFVQSRNCNYHHGFHPTTVCKIPSGCSLKIFNNQEFAQLLAQSVNHGFETVYELTKMCTIRMSFVKGWGAEYHRQDVTSTPCWIEIHLHGPLQWLDKVLTQMGSPHNPISSVS.....................................................................................................................................................................................................................................................................................................................................................................................................................MaaMaaaaa...................................................,LTKMCTIR
NES-0041,68-77,MAAASYDQLLKQVEALKMENSNLRQELEDNSNHLTKLETEASNMKEVLKQLQGSIEDEAMASSGQIDLLERLKELNLDSSNFPGVKLRSKMSLRSYGSREGSVSSRSGECSPVPMGSFPRRGFVNGSRESTGYLEELEKERSLLLADLDKEEKEKDWYYAQLQNLTKRIDSLPLTENFSLQTDMTRRQLEYEARQIRVAMEEQLGTCQDMEKRAQRRIARIQQIEKDILRIRQLLQSQATEAERSSQNKHETGSHDAERQNEGQGVGEINMATSGNGQGSTTRMDHETASVLSSSSTHSAPRRLTSHLGTKVEMVYSLLSMLGTHDKDDMSRTLLAMSSSQDSCISMRQSGCLPLLIQLLHGNDKDSVLLGNSRGSKEARARASAALHNIIHSQPDDKRGRREIRVLHLLEQIRAYCETCWEWQEAHEPGMDQDKNPMPAPVEHQICPAVCVLMKLSFDEEHRHAMNELGGLQAIAELLQVDCEMYGLTNDHYSITLRRYAGMALTNLTFGDVANKATLCSMKGCMRALVAQLKSESEDLQQVIASVLRNLSWRADVNSKKTLREVGSVKALMECALEVKKESTLKSVLSALWNLSAHCTENKADICAVDGALAFLVGTLTYRSQTNTLAIIESGGGILRNVSSLIATNEDHRQILRENNCLQTLLQHLKSHSLTIVSNACGTLWNLSARNPKDQEALWDMGAVSMLKNLIHSKHKMIAMGSAAALRNLMANRPAKYKDANIMSPGSSLPSLHVRKQKALEAELDAQHLSETFDNIDNLSPKASHRSKQRHKQSLYGDYVFDTNRHDDNRSDNFNTGNMTVLSPYLNTTVLPSSSSSRGSLDSSRSEKDRSLERERGIGLGNYHPATENPGTSSKRGLQISTTAAQIAKVMEEVSAIHTSQEDRSSGSTTELHCVTDERNALRRSSAAHTHSNTYNFTKSENSNRTCSMPYAKLEYKRSSNDSLNSVSSSDGYGKRGQMKPSIESYSEDDESKFCSYGQYPADLAHKIHSANHMDDNDGELDTPINYSLKYSDEQLNSGRQSPSQNERWARPKHIIEDEIKQSEQRQSRNQSTTYPVYTESTDDKHLKFQPHFGQQECVSPYRSRGANGSETNRVGSNHGINQNVSQSLCQEDDYEDDKPTNYSERYSEEEQHEEEERPTNYSIKYNEEKRHVDQPIDYSLKYATDIPSSQKQSFSFSKSSSGQSSKTEHMSSSSENTSTPSSNAKRQNQLHPSSAQSRSGQPQKAATCKVSSINQETIQTYCVEDTPICFSRCSSLSSLSSAEDEIGCNQTTQEADSANTLQIAEIKEKIGTRSAEDPVSEVPAVSQHPRTKSSRLQGSSLSSESARHKAVEFSSGAKSPSKSGAQTPKSPPEHYVQETPLMFSRCTSVSSLDSFESRSIASSVQSEPCSGMVSGIISPSDLPDSPGQTMPPSRSKTPPPPPQTAQTKREVPKNKAPTAEKRESGPKQAAVNAAVQRVQVLPDADTLLHFATESTPDGFSCSSSLSALSLDEPFIQKDVELRIMPPVQENDNGNETESEQPKESNENQEKEAEKTIDSEKDLLDDSDDDDIEILEECIISAMPTKSSRKAKKPAQTASKLPPPVARKPSQLPVYKLLPSQNRLQPQKHVSFTPGDDMPRVYCVEGTPINFSTATSLSDLTIESPPNELAAGEGVRGGAQSGEFEKRDTIPTEGRSTDEAQGGKTSSVTIPELDDNKAEEGDILAECINSAMPKGKSHKPFRVKKIMDQVQQASASSSAPNKNQLDGKKKKPTSPVKPIPQNTEYRTRVRKNADSKNNLNAERVFSDNKDSKKQNLKNNSKDFNDKLPNNEDRVRGSFAFDSPHHYTPIEGTPYCFSRNDSLSSLDFDDDDVDLSREKAELRKAKENKESEAKVTSHTELTSNQQSANKTQAIAKQPINRGQPKPILQKQSTFPQSSKDIPDRGAATDEKLQNFAIENTPVCFSHNSSLSSLSDIDQENNNKENEPIKETEPPDSQGEPSKPQASGYAPKSFHVEDTPVCFSRNSSLSSLSIDSEDDLLQECISSAMPKKKKPSRLKGDNEKHSPRNMGGILGEDLTLDLKDIQRPDSEHGLSPDSENFDWKAIQEGANSIVSSLHQAAAAACLSRQASSDSDSILSLKSGISLGSPFHLTPDQEEKPFTSNKGPRILKPGEKSTLETKKIESESKGIKGGKKVYKSLITGKVRSNSEISGQMKQPLQANMPSISRGRTMIHIPGVRNSSSSTSPVSKKGPPLKTPASKSPSEGQTATTSPRGAKPSVKSELSPVARQTSQIGGSSKAPSRSGSRDSTPSRPAQQPLSRPIQSPGRNSISPGRNGISPPNKLSQLPRTSSPSTASTKSSGSGKMSYTSPGRQMSQQNLTKQTGLSKNASSIPRSESASKGLNQMNNGNGANKKVELSRMSSTKSSGSESDRSERPVLVRQSTFIKEAPSPTLRRKLEESASFESLSPSSRPASPTRSQAQTPVLSPSLPDMSLSTHSSVQAGGWRKLPPNLSPTIEYNDGRPAKRHDIARSHSESPSRLPINRSGTWKREHSKHSSSLPRVSTWRRTGSSSSILSASSESSEKAKSEDEKHVNSISGTKQSKENQVSAKGTWRKIKENEFSPTNSTSQTVSSGATNGAESKTLIYQMAPAVSKTEDVWVRIEDCPINNPRSGRSPTGNTPPVIDSVSEKANPNIKDSKDNQAKQNVGNGSVPMRTVGLENRLNSFIQVDAPDQKGTEIKPGQNNPVPVSETNESSIVERTPFSSSSSSKHSSPSGTVAARVTPFNYNPSPRKSSADSTSARPSQIPTPVNNNTKKRDSKTDSTESSGTQSPKRHSGSYLVTSV...................................................................aaaaaaaMaM.......................................................................................aaaaaaaMaM.............................................................................................................................................................................................................................................................................................................................................................................................................................................................................................................................................................................................................................................................................................................................................................................................................................................................................................................................................................................................................................................................................................................................................................................................................................................................................................................................................................................................................................................................................................................................................................................................................................................................................................................................................................................................................................................................................................................................................................................................................................................................................................................................................................................................................................................................................................................................................................................................................................................................................................................................................................................................................................................................................................................................................................................,LLERLKELN
NES-0044,660-747,MRRETVGEFSSDDDDDILLELGTRPPRFTQIPPSSAALQTQIPTTLEVTTTTLNNKQSKNDNQLVNQLNKAQGEASMLRDKINFLNIEREKEKNIQAVKVNELQVKHLQELAKLKQELQKLEDEKKFLQMEARGKSKREVITNVKPPSTTLSTNTNTITPDSSSVAIEAKPQSPQSKKRKISDNLLKKNMVPLNPNRIIPDETSLFLESILLHQIIGADLSTIEILNRLKLDYITEFKFKNFVIAKGAPIGKSIVSLLLRCKKTLTLDRFIDTLLEDIAVLIKEISVHPNESKLAVPFLVALMYQIVQFRPSATHNLALKDCFLFICDLIRIYHHVLKVPIHESNMNLHVEPQIFQYELIDYLIISYSFDLLEGILRVLQSHPKQTYMEFFDENILKSFEFVYKLALTISYKPMVNVIFSAVEVVNIITSIILNMDNSSDLKSLISGSWWRDCITRLYALLEKEIKSGDVYNENVDTTTLHMSKYHDFFGLIRNIGDNELGGLISKLIYTDRLQSVPRVISKEDIGMDSDKFTAPIIGYKMEKWLLKLKDEVLNIFENLLMIYGDDATIVNGEMLIHSSKFLSREQALMIERYVGQDSPNLDLRCHLIEHTLTIIYRLWKDHFKQLREEQIKQVESQLIMSLWRFLVCQTETVTANEREMRDHRHLVDSLHDLTIKDQASYYEDAFEDLPEYIEEELKMQLNKRTGRIMQVKYDEKFQEMARTILESKSFDLTTLEEADSLYISMGL...................................................................................................................................................................................................................................................................................................................................................................................................................................................................................................................................................................................................................................................................................aaaaaaaaaaMaaMaaaaaaaaaaaaaaaaaaaaaaaaaaaaaaaaaaaaaaaaaaaaaaaaaaaaaaaaaaaaaaaaaaaaaaaaaa,MRDHRHLVDSLHDLTIKDQASYYEDAFEDLPEYIEEELKMQLNKRTGRIMQVKYDEKFQEMARTILESKSFDLTTLEEADSLYISMG
NES-0046,434 -95,MDPNTVSSFQDILLRMSKMQLESSSGDLNGMITQFESLKLYRDSLGEAVMRMGDLHSLQNRNEKWREQLGQKFEEIRWLIEEVRHKLKITENSFEQITFMQALHLLLEVEQEIRTFSFQLI...............M..M.M....................................................................................................,MDPNTVSSFQDILLRMSKMQLESSSGDLN
NES-0048,1-164,MSTARTENPVLMGMSSQNGQLRGPLKPSAGPGGGGTQTQQINQLKNASTINSGSQQQAQSMSSIIKPGDDWKKTLKLPPKDLRIKTSDVTSTKGNEFEDYCLKRELLMGIFEMGWEKPSPIQEESIPIALSGRDILARAKNGTGKTGAYLIPLLERLDLKKDCIQAMVIVPTRELALQVSQICIQVSKHMGGAKVMATTGGTNLRDDIMRLDDTVHVVIATPGRILDLIKKGVAKVDHIQMIVLDEADKLLSQDFMQIMEDIIMTLPKNRQILLYSATFPLSVQKFMTLHLQKPYEINLMEELTLKGVTQYYAYVTERQKVHCLNTLFSRLQINQSIIFCNSSQRVELLAKKISQLGYSCFYIHAKMRQEHRNRVFHDFRNGLCRNLVCTDLFTRGIDIQAVNVVINFDFPKLAETYLHRIGRSGRFGHLGLAINLITYDDRFNLKSIEEQLGTEIKPIPSSIDKNLYVAEYHSESGEDKPaaaaaaaaaaaaaaaaaaaaaaaaaaaaaaaaaaaaaaaaaaaaaaaaaaaaaaaaaaaaaaaaaaaaaaaaaaaaaaaaaaaaaaaaaaaaaaaaaaaaaaaaaaaaaaaaaaaaaaaaaaaaaaaaaaaaaaaaaaaaaaaaaaaaaaaaaaaaMaMaaaaa.............................................................................................................................................................................................................................................................................................................................,MSTARTENPVLMGMSSQNGQLRGPLKPSAGPGGGGTQTQQINQLKNASTINSGSQQQAQSMSSIIKPGDDWKKTLKLPPKDLRIKTSDVTSTKGNEFEDYCLKRELLMGIFEMGWEKPSPIQEESIPIALSGRDILARAKNGTGKTGAYLIPLLERLDLKKDC
NES-0050,316-57,MATLHFVPQHEEEQVYSISGKALKLTTSDDIKPYLEELAALKTCTKLDLSGNTIGTEASEALAKCIAENTQVRESLVEVNFADLYTSRLVDEVVDSLKFLLPVLLKCPHLEIVNLSDNAFGLRTIELLEDYIAHAVNIKHLILSNNGMGPFAGERIGKALFHLAQNKKAASKPFLETFICGRNRLENGSAVYLALGLKSHSEGLKVVKLYQNGIRPKGVATLIHYGLQYLKNLEILDLQDNTFTKHASLILAKALPTWKDSLFELNLNDCLLKTAGSDEVFKVFTEVKFPNLHVLKFEYNEMAQETIEVSFLPAMEKGNLPELEKLEINGNRLDEDSDALDLLQSKFDDLEVDDFEEVDSEDEEGEDEEDEDEDEKLEEIETERLEKELLEVQVDDLAERLAETEIK...........................................................................................................................................................................................................................................................................................................................SaaaaaaaaaMaMSaaaEaaaaaaaaaaaaaaaaaaaaaaaE..................................................,EKGNLPELEKLEINGNRLDEDSDALDLLQSKFDDLEVDDFE
NES-0051,320-339,MGEKLPVVYKRFICSFPDCNATYNKNRKLQAHLCKHTGERPFPCTYEGCEKGFVTLHHLNRHVLSHTGEKPCKCETENCNLAFTTASNMRLHFKRAHSSPAQVYVCYFADCGQQFRKHNQLKIHQYIHTNQQPFKCSHEGCDKCYASPSRLKRHEKTHAGYPCRKDSTCPFVGKTWSDYMKHAAELHSEVTCSICNRTFKRKSFLKEHKKIHREERIVYRCPRENCDRTYTTKFNLKSHILTFHENLRPFVCEHEGCGKTFAMKQSLDRHFNTHDPEKKKMVKPPRPVRSLASRLSGYKPKKSKKKKKPSQTPAMESQEQQPDASKADPLPVLENLTLK................................................................................................................................................................................................................................................................................................................................aaaaaaaaaaaaaaaMaaa,QQPDASKADPLPVLENLTL
NES-0052,347-66,MAAKVASTSSEEAEGSLVTEGEMGEKALPVVYKRYICSFADCGAAYNKNWKLQAHLCKHTGEKPFPCKEEGCEKGFTSLHHLTRHSLTHTGEKNFTCDSDGCDLRFTTKANMKKHFNRFHNIKICVYVCHFENCGKAFKKHNQLKVHQFSHTQQLPYECPHEGCDKRFSLPSRLKRHEKVHAGYPCKKDDSCSFVGKTWTLYLKHVAECHQDLAVCDVCNRKFRHKDYLRDHQKTHEKERTVYLCPRDGCDRSYTTAFNLRSHIQSFHEEQRPFVCEHAGCGKCFAMKKSLERHSVVHDPEKRKLKEKCPRPKRSLASRLTGYIPPKSKEKNASVSGTEKTDSLVKNKPSGTETNGSLVLDKLTIQ..........................................................................................................................................................................................................................................................................................................................................................aaaaaaaaaaaaaaaaaaaa,NKPSGTETNGSLVLDKLTI
NES-0053,55-75,MNSSSANITYASRKRRKPVQKTVKPIPAEGIKSNPSKRHRDRLNTELDRLASLLPFPQDVINKLDKLSVLRLSVSYLRAKSFFDVALKSSPTERNGGQDNCRAANFREGLNLQEGEFLLQALNGFVLVVTTDALVFYASSTIQDYLGFQQSDVIHQSVYELIHTEDRAEFQRQLHWALNPSQCTESGQGIEEATGLPQTVVCYNPDQIPPENSPLMERCFICRLRCLLDNSSGFLAMNFQGKLKYLHGQKKKGKDGSILPPQLALFAIATPLQPPSILEIRTKNFIFRTKHKLDFTPIGCDAKGRIVLGYTEAELCTRGSGYQFIHAADMLYCAESHIRMIKTGESGMIVFRLLTKNNRWTWVQSNARLLYKNGRPDYIIVTQRPLTDEEGTEHLRKRNTKLPFMFTTGEAVLYEATNPFPAIMDPLPLRTKNGTSGKDSATTSTLSKDSLNPSSLLAAMMQQDESIYLYPASSTSSTAPFENNFFNESMNECRNWQDNTAPMGNDTILKHEQIDQPQDVNSFAGGHPGLFQDSKNSDLYSIMKNLGIDFEDIRHMQNEKFFRNDFSGEVDFRDIDLTDEILTYVQDSLSKSPFIPSDYQQQQSLALNSSCMVQEHLHLEQQQQHHQKQVVVEPQQQLCQKMKHMQVNGMFENWNSNQFVPFNCPQQDPQQYNVFTDLHGISQEFPYKSEMDSMPYTQNFISCNQPVLPQHSKCTELDYPMGSFEPSPYPTTSSLEDFVTCLQLPENQKHGLNPQSAIITPQTCYAGAVSMYQCQPEPQHTHVGQMQYNPVLPGQQAFLNKFQNGVLNETYPAELNNINNTQTTTHLQPLHHPSEARPFPDLTSSGFL......................................................aaaaaaaaaaaaaaaMaMaaa.....................................................................................................................................................................................................................................................................................................................................................................................................................................................................................................................................................................................................................................................................................................................................................................................................,PFPQDVINKLDKLSVLRLSV
NES-0054,382-469,MNGYVDFSPSPTSPTKEPGAPQPTQAVLQEDVDMSSGSSGNENCSTGRDSQGSDCDDNGKELRMLVESSNTHPSPDDAFRLMMTEAEHNPSTSGCSSEQSAKADAHKELIRTLKELKVHLPADKKAKGKASTLATLKYALRSVKQVKANEEYYQLLMSSESQPCSVDVPSYSMEQVEGITSEYIVKNADMFAVAVSLVSGKILYISNQVASIFHCKKDAFSDAKFVEFLAPHDVSVFHSYTTPYKLPPWSVCSGLDSFTQECMEEKSFFCRVSVGKHHENEIRYQPFRMTPYLVKVQEQQGAESQLCCLLLAERVHSGYEAPRIPPEKRIFTTTHTPNCLFQAVDERAVPLLGYLPQDLIETPVLVQLHPSDRPLMLAIHKKILQAGGQPFDYSPIRFRTRNGEYITLDTSWSSFINPWSRKISFIIGRHKVRVGPLNEDVFAAPPCPEEKTPHPSVQELTEQIHRLLMQPVPHSGSSGYGSLGSNGSHEHLMSQTSSSDSNGQEESHRRRSGIFKTSGKIQTKSHVSHESGGQKEASVAEMQSSPPAQVKAVTTIERDSSGASLPKASFPEELAYKNQPPCSYQQISCLDSVIRYLESCSEAATLKRKCEFPANIPSRKATVSPGLHSGEAARPSKVTSHTEVSAHLSSLTLPGKAESVVSLTSQCSYSSTIVHVGDKKPQPELETVEDMASGPESLDGAAGGLSQEKGPLQKLGLTKEVLAAHTQKEEQGFLQRFREVSRLSALQAHCQNYLQERSRAQASDRGLRNTSGLESSWKKTGKNRKLKSKRVKTRDSSESTGSGGPVSHRPPLMGLNATAWSPSDTSQSSCPSAPFPTAVPAYPLPVFQAPGIVSTPGTVVAPPAATHTGFTMPVVPMGTQPEFAVQPLPFAAPLAPVMAFMLPSYPFPPATPNLPQAFLPSQPHFPAHPTLASEITPASQAEFPSRTSTLRQPCACPVTPPAGTVALGRASPPLFQSRGSSPLQLNLLQLEEAPEGSTGAAGTLGTTGTAASGLDCTSGTSRDRQPKAPPTCNEPSDTQNSDAISTSSDLLNLLLGEDLCSATGSALSRSGASATSDSLGSSSLGFGTSQSGAGSSDTSHTSKYFGSIDSSENNHKAKMIPDTEESEQFIKYVLQDPIWLLMANTDDSIMMTYQLPSRDLQAVLKEDQEKLKLLQRSQPRFTEGQRRELREVHPWVHTGGLPTAIDVTGCVYCESEEKGNICLPYEEDSPSPGLCDTSEAKEEEGEQLTGPRIEAQT.............................................................................................................................................................................................................................................................................................................................................................................................aaaaaaaaaaaaaaaaaaaaaaaaaaaaaaaaaaaaaaaaaaaaaaaaaaaaaaaaaaaaaaaaaaaaaaaaaaaaaaaaaaMaaMaM....................................................................................................................................................................................................................................................................................................................................................................................................................................................................................................................................................................................................................................................................................................................................................................................................................,KILQAGGQPFDYSPIRFRTRNGEYITLDTSWSSFINPWSRKISFIIGRHKVRVGPLNEDVFAAPPCPEEKTPHPSVQELTEQIHRLL
NES-0055,128-41,MPPKRRLVDDADAMEDQDLYEPPASLPKLPGKFLQYTVGGSDPHPGIGHEKDIRQNAVALLDQSRRDMFHTVTPSLVFLCLLIPGLHAAFVHGGVPRESYLSTPVTRGEQTVVKTAKFYGEKTTQRDLTELEISSIFSHCCSLLIGVVIGSSSKIKAGAEQIKKRFKTMMAALNRPSHGETATLLQMFNPHEAIDWINGQPWVGSFVLSLLTTDFESPGKEFMDQIKLVASYAQMTTYTTIKEYLAECMDATLTIPVVAYEIRDFLEVSAKLKEEHADLFPFLGAIRHPDAIKLAPRSFPNLASAAFYWSKKENPTMAGYRASTIQPGASVKETQLARYRRREISRGEDGAELSGEISAIMKMIGVTGLN...............................................................................................................................MaaMaMaaMaaaaa.....................................................................................................................................................................................................................................,LTELEISSIFSHC
NES-0056,319-35,MASPGTPGTRMTTTVSINISTPSFYNPQKKFAPVVAPKPKVNPFKTGGTSESSQPQPPGTGAQRAQIGRVGEIPVSVTAEELPLPPPPPPGEELSFSSNCAFPPPPPPFEEPFPPAPDEAFPSPPPPPPPMFDEGPALQIPPGSTGSVEKPLAPKAHVEISSAPRDPTPPFPSKFTPKPSGTLSSKPPGLDSTPAPAPWAAPQQRKEPLASVPPPPSLPSQPTAKFTPPPVASSPGSKPGATVPMAPSNSTRYPTSLQTQFTAPSPSGPLSRPQPPNFTYAQQWERPQVQEKPVPTEKSAAVKDMRRPTADPPKGNSPLTMKEVEELELLTQKLMKDMDHPPPVEAATSELCGFCRKPLSRTQPAVRALDCLFHVECFTCFKCEKQLQGQQFYNVDEKPFCEDCYAGTLEKCSVCKQTITDRMLKATGNSYHPQCFTCVMCHTPLEGASFIVDQANQPHCVDDYHRKYAPRCSVCSEPIMPEPGKDETVRVVALEKNFHMKCYKCEDCGRPLSIEADENGCFPLDGHVLCMKCHTVRAKTAC...............................................................................................................................................................................................................................................................................................................................aaaaaaaaaaaaaaaa...............................................................................................................................................................................................................,LTMKEVEELELLTQKL
NES-0057,43485,MAEYDLTTRIAHFLDRHLVFPLLEFLSVKEIYNEKELLQGKLDLLSDTNMVDFAMDVYKNLYSDDIPHALREKRTTVVAQLKQLQAETEPIVKMFEDPETTRQMQSTRDGRMLFDYLADKHGFRQEYLDTLYRYAKFQYECGNYSGAAEYLYFFRVLVPATDRNALSSLWGKLASEILMQNWDAAMEDLTRLKETIDNNSVSSPLQSLQQRTWLIHWSLFVFFNHPKGRDNIIDLFLYQPQYLNAIQTMCPHILRYLTTAVITNKDVRKRRQVLKDLVKVIQQESYTYKDPITEFVECLYVNFDFDGAQKKLRECESVLVNDFFLVACLEDFIENARLFIFETFCRIHQCISINMLADKLNMTPEEAERWIVNLIRNARLDAKIDSKLGHVVMGNNAVSPYQQVIEKTKSLSFRSQMLAMNIEKKLNQNSRSEAPNWATQDSGFYaaaaaMaaaaaaaMaaaMaa.........................................................................................................................................................................................................................................................................................................................................................................................................................................,MAEYDLTTRIAHFLDRHLV
NES-0058,154-170,MEDIIEGGISSDDDFDSSDSSSDEEESDTSPQIMKSDVTMASPPSTPEPSPDVSASTSNLKRERQRSPITWEHQSPLSRVYRSPSPMRFGKRPRISSNSTSRSCKTSWADRVREAAAQRRPSRPFRKPYSHPRNGPLRNGPPRAPPLLKLFDISILPKSGEPKLFLPVPSLPCQEAEKTNDKYVLAMAQRAMHDVPISSKQLTANLLPVKFKPLLSIVRYTPNYYYWVSMRKETIASANLCTVAAFLDESLCWGQQYLKNDFIFSENGKDIILDTSSALLSQLVHKIKMLPFCHCLMQTTPQDHIVKQVCYLIASNNRILDAVRYLQTSVIKSPIVLLLAYAVCLPAAIICTKNETQLYSHCMRILKEYRPGDVMNILHESLTQHLNKCPSSTCAYTTRAIVGTKANTTGLFFLPTQ.........................................................................................................................................................aaaaaaaaaaMaMaaaa.......................................................................................................................................................................................................................................................,SILPKSGEPKLFLPVP
NES-0059,28126,MSTAEFAQLLENSILSPDQNIRLTSETQLKKLSNDNFLQFAGLSSQVLIDENTKLEGRILAALTLKNELVSKDSVKTQQFAQRWITQVSPEAKNQIKTNALTALVSIEPRIANAAAQLIAAIADIELPHGAWPELMKIMVDNTGAEQPENVKRASLLALGYMCESADPQSQALVSSSNNILIAIVQGAQSTETSKAVRLAALNALADSLIFIKNNMEREGERNYLMQVVCEATQAEDIEVQAAAFGCLCKIMSLYYTFMKPYMEQALYALTIATMKSPNDKVASMTVEFWSTICEEEIDIAYELAQFPQSPLQSYNFALSSIKDVVPNLLNLLTRQNEDPEDDDWNVSMSAGACLQLFAQNCGNHILEPVLEFVEQNITADNWRNREAAVMAFGSIMDGPDKVQRTYYVHQALPSILNLMNDQSLQVKETTAWCIGRIADSVAESIDPQQHLPGVVQACLIGLQDHPKVATNCSWTIINLVEQLAEATPSPIYNFYPALVDGLIGAANRIDNEFNARASAFSALTTMVEYATDTVAETSASISTFVMDKLGQTMSVDENQLTLEDAQSLQELQSNILTVLAAVIRKSPSSVEPVADMLMGLFFRLLEKKDSAFIEDDVFYAISALAASLGKGFEKYLETFSPYLLKALNQVDSPVSITAVGFIADISNSLEEDFRRYSDAMMNVLAQMISNPNARRELKPAVLSVFGDIASNIGADFIPYLNDIMALCVAAQNTKPENGTLEALDYQIKVLEAVLDAYVGIVAGLHDKPEALFPYVGTIFQFIAQVAEDPQLYSEDATSRAAVGLIGDIAAMFPDGSIKQFYGQDWVIDYIKRTRSGQLFSQATKDTARWAREQQKRQLSLaaaaaaaaaaaaaaaaaaaaaaaaaaaaaaaaaaaaaaaaaaaaaaaaaaaaaaaaaaaaaaMaaaaaaaaaaaaaaa...............................................................................................................................................................................................................................................................................................................................................................................................................................................................................................................................................................................................................................................................................................................................................................................................................,MSTAEFAQLLENSILSPDQNIRLTSETQLKKLSNDNFLQFAGLSSQVLIDENTKLEGRILAALTLKNELVSKDSVK
NES-0060,204-283,MRRIHILDNTCIIYTYIHCAVAIASSLMYSTSNRRGRSQTQRGSHVRRTGVKRSYGAARGDDRRRPNVVSKTQVEPRMTIQRVQENQFGPEFVLSQNSALSTFVTYPSYVKTVPNRTRTYIKLKRVRFKGTLKIERGQGDTIMDGPSSNIEGVFSMVIVVDRKPHVSQSGRLHTFDELFGARIHCHGNLSVVPALKDRYYIRHVTKRVVSLEKDTLLIDLHGTTQLSNKRYNCWASFSDLERDSCNGVYGNITKNALLVYYCWLSDAQSKASTYVSFELDYLG...........................................................................................................................................................................................................aaaaaaaaaaaaMMaaMaaaaaaaaaaaaaaaaaaaaaaaaaaaaaaaaaaaaaaaaaaaaaaaaaaaaaaaaaaaaaaa,VTKRVVSLEKDTLLIDLHGTTQLSNKRYNCWASFSDLERDSCNGVYGNITKNALLVYYCWLSDAQSKASTYVSFELDYL
NES-0061,425-41,MEELVVEVRGSNGAFYKAFVKDVHEDSITVAFENNWQPDRQIPFHDVRFPPPVGYNKDINESDEVEVYSRANEKEPCCWWLAKVRMIKGEFYVIEYAACDATYNEIVTIERLRSVNPNKPATKDTFHKIKLDVPEDLRQMCAKEAAHKDFKKAVGAFSVTYDPENYQLVILSINEVTSKRAHMLIDMHFRSLRTKLSLIMRNEEASKQLESSRQLASRFHEQFIVREDLMGLAIGTHGANIQQARKVPGVTAIDLDEDTCTFHIYGEDQDAVKKARSFLEFAEDVIQVPRNLVGKVIGKNGKLIQEIVDKSGVVRVRIEAENEKNVPQEEEIMPPNSLPSNNSRVGPNAPEEKKHLDIKENSTHFSQPNSTKVQRVLVASSVVAGESQKPELKAWQGMVPFVFVGTKDSIANATVLLDYHLNYLKEVDQLRLERLQIDEQLRQIGASSRPPPNRTDKEKSYVTDDGQGMGRGSRPYRNRGHGRRGPGYTSGTNSEASNASETESDHRDELSDWSLAPTEEERESFLRRGDGRRRGGGGRGQGGRGRGGGFKGNDDHSRTDNRPRNPREAKGRTTDGSLQIRVDCNNERSVHTKTLQNTSSEGSRLRTGKDRNQKKEKPDSVDGQQPLVNGVP........................................................................................................................................................................................................................................................................................................................................................................................................................................aaaaaMaMaaMaaaaaa...............................................................................................................................................................................................,KEVDQLRLERLQIDEQ
NES-0062,43602,MATDIDMLIDLGLDLSDSDLDEDPPEPAESRRDDLESDSSGECSSSDEDMEDPHGEDGPEPILDAARPAVRPSRPEDPGVPSTQTPRPTERQGPNDPQPAPHSVWSRLGARRPSCSPEQHGGKVARLQPPPTKAQPARGGRRGRRRGRGRGGPGAADGLSDPRRRAPRTNRNPGGPRPGAGWTDGPGAPHGEAWRGSEQPDPPGGQRTRGVRQAPPPLMTLAIAPPPADPRAPAPERKAPAADTIDATTRLVLRSISERAAVDRISESFGRSAQVMHDPFGGQPFPAANSPWAPVLAGQGGPFDAETRRVSWETLVAHGPSLYRTFAGNPRAASTAKAMRDCVLRQENFIEALASADETLAWCKMCIHHNLPLRPQDPIIGTTAAVLDNLATRLRPFLQCYLKARGLCGLDELCSRRRLADIKDIASFVFVILARLANRVERGVAEIDYATLGVGVGEKMHFYLPGACMAGLIEILDTHRQECSSRVCELTASHIVAPPYVHGKYFYCNSLF....aaaMaaMaMaMaa...............................................................................................................................................................................................................................................................................................................................................................................................................................................................................................................,IDMLIDLGLDLS
NES-0063,138-47,MDSNTVSSFQVDCFLWHVRKQVVDQELGDAPFLDRLRRDQRSLRGRGSTLGLDIEAATHVGKQIVEKILKEESDEALKMTMASTPASRYITDMTIEELSRDWFMLMPKQKVEGPLCIRMDQAIMEKNIMLKANFSVIFDRLETLILLRAFTEEGAIVGEISPLLSFPGHTIEDVKNAIGVLIGGLEWNDNTVRVSKTLQRFAWGSSNENGGPPLTPKQKRKMARTARSKVRRDKMAD.........................................................................................................................................aaaaaaMaMa..........................................................................................,FDRLETLIL
NES-0064,45-57,MMGHACGSSASDLLQMERTYLALLSRLPLSHLHSLSSHSLALSHLLSQDLEPLALSDRKCSSDRESRNSMGSRNKAGKKKPPLKLPKEVFEKPQPAPTPPRDLDSKACVTIGDKNFVVKADDLEQIGELGRGAYGVVDKMRHVPSGVIMAVKRIRATVNTQEQKRLLMDLDISMRTVDCFYTVTFYGALFREGDVWICMELMDTSLDKFYKQVHEKGMTIPEDILGKITVSIVKALEHLHSNLSVIHRDVKPSNVLINMQGQVKMCDFGISGYLVDSVAKTMDAGCKPYMAPERINPETNQKGYNVKSDIWSLGITMIELAILRFPYDSWGTPFQQLKQVVEEPSPQLPADRFSPEFVDFTSQCLRKNSKERPTYTELMQHPFFTIHDSKDTDVASFVKSILGD............................................aMaaaMaaMaMaa...........................................................................................................................................................................................................................................................................................................................................................,LLSQDLEPLALS
NES-0065,254-65,MAEKFDCHYCRDPLQGKKYVQKDGHHCCLKCFDKFCANTCVECRKPIGADSKEVHYKNRFWHDTCFRCAKCLHPLANETFVAKDNKILCNKCTTREDSPKCKGCFKAIVAGDQNVEYKGTVWHKDCFTCSNCKQVIGTGSFFPKGEDFYCVTCHETKFAKHCVKCNKAITSGGITYQDQPWHADCFVCVTCSKKLAGQRFTAVEDQYYCVDCYKNFVAKKCAGCKNPITGKRTVSRVSHPVSKARKPPVCHGKRLPLTLFPSANLRGRHPGGERTCPSWVVVLYRKNRSLAAPRGPGLVKAPVWWPMKDNPGTTTASTAKNAP..............................................................................................................................................................................................................................................................aaaaaaaaaaa..........................................................,RLPLTLFPSAN
NES-0066,229-48,MEEGGRSPREEAAEPQESGGDAEPGGGRRALLLPPGDPPHPHPHPHRITNFFIDNILRPEFGRRKEAGGTAGEPRRPGAESRRSPAAAAPAPGAPVPGGGGGGGGGSPGRGEGGPAALALHGAAKKGGDPAALEAALKARGLSGAELSVSSDSDSSQAGSNAGNQPMLWPAWVYCTRYSDRPSSPRSRKPKKKNPNKEDKRPRTAFTAEQLQRLKAEFQTNRYLTEQRRQSLAQELGLNESQIKIWFQNKRAKIKKATGSKNSLAVHLMAQGLYNHSTTAKDGKSDSE....................................................................................................................................................................................................................................aaaaaaaaaaaaaaaaaaaa........................................,RQSLAQELGLNESQIKIWF
NES-0067,435-518,MEFTPIDPHQHQNAATLLCCNCGTPIDGSTGLVMCYDCIKLTVDITQGIPREANISFCRNCERFLQPPGQWIRAELESRELLAICLRRLKGLTFVRLVDASFIWTEPHSRRIRIKLTVQGEAMTNTIIQQTFEVEYIVIAMQCPDCARSYTTNTWRATVQIRQKVPHKRTFLFLEQLILKHNAHVDTISISEAKDGLDFFYAQKNHAVKMIDFLNAVVPIKHKKSEELISQDTHTGASTYKFSYSVEIVPICKDDLVVLPKKLAKSMGNISQFVLCSKISNTVQFMDPTTLQTADLSPSVYWRAPFNALADVTQLVEFIVLDVDSTGISRGNRVLADITVARTSDLGVNDQVYYVRSHLGGICHAGDSVMGYFIANSNYNSDLFDGLNIDYVPDVVLVKKLYQRKSKKSRHWKLKRMAKEHKDIDASLDYNSRAQKQEMERAEKDYELFLQELEEDAELRQSVNLYKNREANVPPEEHEMDEDEDEDAPQINIDELLDELDEMTLEDGVENTPVESQQ..................................................................................................................................................................................................................................................................................................................................................................................................................................................aaaaaaaaaaaaaaaaaaaaaaaaaaaaaaaaaaaaaaaaaaaaaaaaaaaaaaaaaaaaaaaaaaaaaaaaaaaaaaaaaaaa,QKQEMERAEKDYELFLQELEEDAELRQSVNLYKNREANVPPEEHEMDEDEDEDAPQINIDELLDELDEMTLEDGVENTPVESQ
NES-0069,1081-22,MNSPNESDGMSGREPSLEILPRTSLHSIPVTVEVKPVLPRAMPSSMGGGGGGSPSPVELRGALVGSVDPTLREQQLQQELLALKQQQQLQKQLLFAEFQKQHDHLTRQHEVQLQKHLKQQQEMLAAKQQQEMLAAKRQQELEQQRQREQQRQEELEKQRLEQQLLILRNKEKSKESAIASTEVKLRLQEFLLSKSKEPTPGGLNHSLPQHPKCWGAHHASLDQSSPPQSGPPGTPPSYKLPLPGPYDSRDDFPLRKTASEPNLKVRSRLKQKVAERRSSPLLRRKDGTVISTFKKRAVEITGAGPGASSVCNSAPGSGPSSPNSSHSTIAENGFTGSVPNIPTEMLPQHRALPLDSSPNQFSLYTSPSLPNISLGLQATVTVTNSHLTASPKLSTQQEAERQALQSLRQGGTLTGKFMSTSSIPGCLLGVALEGDGSPHGHASLLQHVLLLEQARQQSTLIAVPLHGQSPLVTGERVATSMRTVGKLPRHRPLSRTQSSPLPQSPQALQQLVMQQQHQQFLEKQKQQQLQLGKILTKTGELPRQPTTHPEETEEELTEQQEVLLGEGALTMPREGSTESESTQEDLEEEDEEEDGEEEEDCIQVKDEEGESGAEEGPDLEEPGAGYKKLFSDAQPLQPLQVYQAPLSLATVPHQALGRTQSSPAAPGGMKSPPDQPVKHLFTTGVVYDTFMLKHQCMCGNTHVHPEHAGRIQSIWSRLQETGLLSKCERIRGRKATLDEIQTVHSEYHTLLYGTSPLNRQKLDSKKLLGPISQKMYAVLPCGGIGVDSDTVWNEMHSSSAVRMAVGCLLELAFKVAAGELKNGFAIIRPPGHHAEESTAMGFCFFNSVAITAKLLQQKLNVGKVLIVDWDIHHGNGTQQAFYNDPSVLYISLHRYDNGNFFPGSGAPEEVGGGPGVGYNVNVAWTGGVDPPIGDVEYLTAFRTVVMPIAHEFSPDVVLVSAGFDAVEGHLSPLGGYSVTARCFGHLTRQLMTLAGGRVVLALEGGHDLTAICDASEACVSALLSVELQPLDEAVLQQKPNINAVATLEKVIEIQSKHWSCVQKFAAGLGRSLREAQAGETEEAETVSAMALLSVGAEQAQAAAAREHSPRPAEEPMEQEPAL........................................................................................................................................................................................................................................................................................................................................................................................................................................................................................................................................................................................................................................................................................................................................................................................................................................................................................................................................................................................................................................................................................................................aaaaaMaaaaaMaaaaaaaaaaaaaaaaaaaaaaaaaaaaaa,EEAETVSAMALLSVGAEQAQAAAAREHSPRPAEEPMEQEPA
NES-0070,1044-69,MSSQSHPDGLSGRDQPVELLNPARVNHMPSTVDVATALPLQVAPSAVPMDLRLDHQFSLPVAEPALREQQLQQELLALKQKQQIQRQILIAEFQRQHEQLSRQHEAQLHEHIKQQQEMLAMKHQQELLEHQRKLERHRQEQELEKQHREQKLQQLKNKEKGKESAVASTEVKMKLQEFVLNKKKALAHRNLNHCISSDPRYWYGKTQHSSLDQSSPPQSGVSTSYNHPVLGMYDAKDDFPLRKTASEPNLKLRSRLKQKVAERRSSPLLRRKDGPVVTALKKRPLDVTDSACSSAPGSGPSSPNNSSGSVSAENGIAPAVPSIPAETSLAHRLVAREGSAAPLPLYTSPSLPNITLGLPATGPSAGTAGQQDTERLTLPALQQRLSLFPGTHLTPYLSTSPLERDGGAAHSPLLQHMVLLEQPPAQAPLVTGLGALPLHAQSLVGADRVSPSIHKLRQHRPLGRTQSAPLPQNAQALQHLVIQQQHQQFLEKHKQQFQQQQLQMNKIIPKPSEPARQPESHPEETEEELREHQALLDEPYLDRLPGQKEAHAQAGVQVKQEPIESDEEEAEPPREVEPGQRQPSEQELLFRQQALLLEQQRIHQLRNYQASMEAAGIPVSFGGHRPLSRAQSSPASATFPVSVQEPPTKPRFTTGLVYDTLMLKHQCTCGSSSSHPEHAGRIQSIWSRLQETGLRGKCECIRGRKATLEELQTVHSEAHTLLYGTNPLNRQKLDSKKLLGSLASVFVRLPCGGVGVDSDTIWNEVHSAGAARLAVGCVVELVFKVATGELKNGFAVVRPPGHHAEESTPMGFCYFNSVAVAAKLLQQRLSVSKILIVDWDVHHGNGTQQAFYSDPSVLYMSLHRYDDGNFFPGSGAPDEVGTGPGVGFNVNMAFTGGLDPPMGDAEYLAAFRTVVMPIASEFAPDVVLVSSGFDAVEGHPTPLGGYNLSARCFGYLTKQLMGLAGGRIVLALEGGHDLTAICDASEACVSALLGNELDPLPEKVLQQRPNANAVRSMEKVMEIHSKYWRCLQRTTSTAGRSLIEAQTCENEEAETVTAMASLSVGVKPAEKRPDEEPMEEEPPL...................................................................................................................................................................................................................................................................................................................................................................................................................................................................................................................................................................................................................................................................................................................................................................................................................................................................................................................................................................................................................................................................................aaaaaaaaaaaaaaaMaaMaMaMaaa...............,EAQTCENEEAETVTAMASLSVGVKP
NES-0075,186-95,MEGSEEHSTDGEISSSEEEDEDPTPAHAIPARPSSVVITPTSASFVIPRKKWDLQDKTVTLHRSPLCRDEDEKEETGNSSYTRGHKRRRGEVHGCTDESYGKRRHLPPGARAPRAPRAPRVPRAPRSPRAPRSNRATRGPRSESRGAGRSTRKQARQERSQRPLPNKPWFDMSLVKPVSKITFVTLPSPLASLTLEPIQDPFLQSMLAVAAHPEIGAWQKVQPRHELRRSYKTLREFFTKSTNKDTWLDARMQAIQNAGLCTLVAMLEETIFWLQEITYHGDLPLAPAEDILLACAMSLSKVILTKLKELAPCFLPNTRDYNFVKQLFYITCATARQNKVVETLSSSYVKQPLCLLAAYAAVAPAYINANCRRRHDEVEFLGHYIKNYNPGTLSSLLTEAVETHTRDCRSASCSRLVRAILSPGTGSLGLFFVPGLNQ................................................................................................................................................................................AAAAAAAMMMaaaaaaMMM...................................................................................................................................................................................................................................................,LPSPLASLT
